{
	"Credential": "cf",
	"Template": {
		"Id": "@ext-mdkvsc-npm-dev/generator-mdk",
		"Name": "Base",
		"Version": "0.0.1"
	},
	"CF": {
		"Target": "https://api.cf.us10-001.hana.ondemand.com",
		"Organization": "10161b09-4a43-4f13-92a0-bc33085da393",
		"Space": "6eeb6213-8d73-461d-96a7-9d59a0b5774b",
		"Deploy": {
			"Description": "",
			"WebClient": {
				"Runtime": "",
				"URL": ""
			},
			"Destination": [
				{
					"CF": "",
					"MDK": "NBA",
					"URL": ""
				}
			]
		}
	},
	"MobileService": {
		"Type": "standard",
		"AdminAPI": "https://mobile-service-cockpit-api.cfapps.us10.hana.ondemand.com/cockpit/v1/org/10161b09-4a43-4f13-92a0-bc33085da393/space/6eeb6213-8d73-461d-96a7-9d59a0b5774b",
		"AppId": "nba.mdk",
		"Destination": [
			"NBA"
		]
	},
	"Onboarding": {
		"Schema": "sapmobilesvcs",
		"TimeZone": "UTC",
		"URL": "sapmobilesvcs://?AppId=nba.mdk&ClientId=4c593ce2-d99b-4158-bb19-abb4379e986f&ServerUrl=https://c0f28192trial-dev-nba-mdk.cfapps.us10-001.hana.ondemand.com&SapCloudPlatformEndpoint=https://c0f28192trial-dev-nba-mdk.cfapps.us10-001.hana.ondemand.com&AuthorizationEndpointUrl=https://c0f28192trial-dev-nba-mdk.cfapps.us10-001.hana.ondemand.com/oauth2/api/v1/authorize&RedirectUrl=https://c0f28192trial-dev-nba-mdk.cfapps.us10-001.hana.ondemand.com&TokenUrl=https://c0f28192trial-dev-nba-mdk.cfapps.us10-001.hana.ondemand.com/oauth2/api/v1/token&multiUser=false"
	},
	"LCAP": {
		"FullName": "",
		"Service": [],
		"sourceTemplate": {
			"id": "html5moduletemplates.basicSAPUI5ApplicationProjectModule",
			"version": "1.40.12"
		}
	},
	"Build": {
		"SourceMap": false,
		"TSTarget": "es6",
		"WMF": true
	}
}